[
    {"id": "AN", "state": "Andaman and Nicobar Islands"},
    {"id": "AP", "state": "Andhra Pradesh"},
    {"id": "AR", "state": "Arunachal Pradesh"},
    {"id": "AS", "state": "Assam"},
    {"id": "BR", "state": "Bihar"},
    {"id": "CG", "state": "Chandigarh"},
    {"id": "CH", "state": "Chhattisgarh"},
    {"id": "DN", "state": "Dadra and Nagar Haveli"},
    {"id": "DD", "state": "Daman and Diu"},
    {"id": "DL", "state": "Delhi"},
    {"id": "GA", "state": "Goa"},
    {"id": "GJ", "state": "Gujarat"},
    {"id": "HR", "state": "Haryana"},
    {"id": "HP", "state": "Himachal Pradesh"},
    {"id": "JK", "state": "Jammu and Kashmir"},
    {"id": "JH", "state": "Jharkhand"},
    {"id": "KA", "state": "Karnataka"},
    {"id": "KL", "state": "Kerala"},
    {"id": "LD", "state": "Lakshadweep"},
    {"id": "MP", "state": "Madhya Pradesh"},
    {"id": "MH", "state": "Maharashtra"},
    {"id": "MN", "state": "Manipur"},
    {"id": "ML", "state": "Meghalaya"},
    {"id": "MZ", "state": "Mizoram"},
    {"id": "NL", "state": "Nagaland"},
    {"id": "OR", "state": "Odisha"},
    {"id": "PY", "state": "Puducherry"},
    {"id": "PB", "state": "Punjab"},
    {"id": "RJ", "state": "Rajasthan"},
    {"id": "SK", "state": "Sikkim"},
    {"id": "TN", "state": "Tamil Nadu"},
    {"id": "TS", "state": "Telangana"},
    {"id": "TR", "state": "Tripura"},
    {"id": "UP", "state": "Uttar Pradesh"},
    {"id": "UK", "state": "Uttarakhand"},
    {"id": "WB", "state": "West Bengal"}
]